user,837507
user,837508
user,837509
user,837510
user,837511
user,837512
user,837513
user,837514
user,837515
user,837516
user,837517
user,837518
user,837519
user,837520
user,837521
user,837522
user,837523
user,837524
user,837525
user,837526
user,837527
user,837528
user,837529
user,837530
user,837531
user,837532
user,837533
user,837534
user,837535
user,837536
user,837537
user,837538
user,837539
user,837540
user,837541
user,837542
user,837543
user,837544
user,837545
user,837546
user,837547
user,837548
user,837549
user,837550
user,837551
user,837552
user,837553
user,837554
user,837555
user,837556
user,837557
user,837558
user,837559
user,837560
user,837561
user,837562
user,837563
user,837564
user,837565
user,837566
user,837567
user,837568
user,837569
user,837570
user,837571
user,837572
user,837573